DATE,HOURLYPrecip,HOURLYAltimeterSetting,DAILYMaximumDryBulbTemp,DAILYMinimumDryBulbTemp,DAILYAverageDryBulbTemp,DAILYDeptFromNormalAverageTemp,DAILYHeatingDegreeDays,DAILYCoolingDegreeDays,DAILYSunrise,DAILYSunset,DAILYPrecip
2017-01-01 19:59,0.02,,,,,,,,0725,1703,
2017-01-01 23:59,,,52,45,48,-2.6,17,0,0725,1703,0.05
2017-01-02 00:59,0.01,,,,,,,,0725,1703,
2017-01-02 03:59,0.04,,,,,,,,0725,1703,
2017-01-02 04:59,0.01,,,,,,,,0725,1703,
2017-01-02 05:59,0.02,,,,,,,,0725,1703,
2017-01-02 20:59,0.01,,,,,,,,0726,1703,
2017-01-02 23:59,,,51,43,47,-3.6,18,0,0726,1703,0.10
2017-01-03 00:59,0.01,,,,,,,,0726,1703,
2017-01-03 01:59,0.03,,,,,,,,0726,1703,
2017-01-03 02:59,0.01,,,,,,,,0726,1703,
2017-01-03 03:59,0.03,,,,,,,,0726,1703,
2017-01-03 04:59,0.01,,,,,,,,0726,1703,
2017-01-03 05:59,0.01,,,,,,,,0726,1703,
2017-01-03 06:59,0.01,,,,,,,,0726,1703,
2017-01-03 07:59,0.02,,,,,,,,0726,1703,
2017-01-03 11:59,0.03,,,,,,,,0726,1703,
2017-01-03 12:59,0.03,,,,,,,,0726,1703,
2017-01-03 13:59,0.04,,,,,,,,0726,1703,
2017-01-03 14:59,0.03,,,,,,,,0726,1703,
2017-01-03 15:59,0.05,,,,,,,,0726,1703,
2017-01-03 16:59,0.02,,,,,,,,0726,1704,
2017-01-03 17:59,0.03,,,,,,,,0726,1704,
2017-01-03 18:59,0.01,,,,,,,,0726,1704,
2017-01-03 19:59,0.01,,,,,,,,0726,1704,
2017-01-03 20:59,0.01,,,,,,,,0726,1704,
2017-01-03 21:59,0.01,,,,,,,,0726,1704,
2017-01-03 23:59,,,58,47,52,1.4,13,0,0726,1704,0.40
2017-01-04 00:59,0.15,,,,,,,,0726,1704,
2017-01-04 01:59,0.16,,,,,,,,0726,1704,
2017-01-04 02:59,0.03,,,,,,,,0726,1704,
2017-01-04 03:59,0.15,,,,,,,,0726,1704,
2017-01-04 04:59,0.05,,,,,,,,0726,1704,
2017-01-04 05:59,0.02,,,,,,,,0726,1704,
2017-01-04 06:59,0.01,,,,,,,,0726,1704,
2017-01-04 14:59,0.01,,,,,,,,0726,1704,
2017-01-04 15:59,0.02,,,,,,,,0726,1704,
2017-01-04 16:59,0.03,,,,,,,,0726,1705,
2017-01-04 17:59,0.02,,,,,,,,0726,1705,
2017-01-04 18:59,0.05,,,,,,,,0726,1705,
2017-01-04 19:59,0.10,,,,,,,,0726,1705,
2017-01-04 20:59,0.04,,,,,,,,0726,1705,
2017-01-04 21:59,0.01,,,,,,,,0726,1705,
2017-01-04 22:59,0.03,,,,,,,,0726,1705,
2017-01-04 23:59,,,58,46,52,1.4,13,0,0726,1705,0.89
2017-01-05 10:59,0.01,,,,,,,,0726,1705,
2017-01-05 23:59,,,50,42,46,-4.6,19,0,0726,1706,0.01
2017-01-06 23:59,,,50,39,45,-5.7,20,0,0726,1707,0.00
2017-01-07 01:59,0.01,,,,,,,,0726,1707,
2017-01-07 02:59,0.03,,,,,,,,0726,1707,
2017-01-07 04:59,0.08,,,,,,,,0726,1707,
2017-01-07 05:59,0.14,,,,,,,,0726,1707,
2017-01-07 06:59,0.12,,,,,,,,0726,1707,
2017-01-07 07:59,0.08,,,,,,,,0726,1707,
2017-01-07 08:59,0.01,,,,,,,,0726,1707,
2017-01-07 11:59,0.01,,,,,,,,0726,1707,
2017-01-07 20:59,0.03,,,,,,,,0726,1708,
2017-01-07 21:59,0.06,,,,,,,,0726,1708,
2017-01-07 22:59,0.04,,,,,,,,0726,1708,
2017-01-07 23:59,,,60,44,52,1.3,13,0,0726,1708,0.82
2017-01-08 00:59,0.18,,,,,,,,0726,1708,
2017-01-08 01:59,0.04,,,,,,,,0726,1708,
2017-01-08 02:59,0.16,,,,,,,,0726,1708,
2017-01-08 03:59,0.09,,,,,,,,0726,1708,
2017-01-08 04:59,0.01,,,,,,,,0726,1708,
2017-01-08 05:59,0.04,,,,,,,,0726,1708,
2017-01-08 06:59,0.19,,,,,,,,0726,1708,
2017-01-08 07:59,0.14,,,,,,,,0726,1708,
2017-01-08 08:59,0.03,,,,,,,,0726,1708,
2017-01-08 09:59,0.02,,,,,,,,0726,1708,
2017-01-08 10:59,0.06,,,,,,,,0726,1708,
2017-01-08 11:59,0.05,,,,,,,,0726,1708,
2017-01-08 12:59,0.05,,,,,,,,0726,1708,
2017-01-08 13:59,0.01,,,,,,,,0726,1708,
2017-01-08 15:59,0.07,,,,,,,,0726,1708,
2017-01-08 17:59,0.02,,,,,,,,0725,1709,
2017-01-08 18:59,0.05,,,,,,,,0725,1709,
2017-01-08 19:59,0.07,,,,,,,,0725,1709,
2017-01-08 23:59,,,63,55,59,8.3,6,0,0725,1709,1.46
2017-01-09 00:59,0.03,,,,,,,,0725,1709,
2017-01-09 02:59,0.01,,,,,,,,0725,1709,
2017-01-09 15:59,0.03,,,,,,,,0725,1709,
2017-01-09 16:59,0.04,,,,,,,,0725,1710,
2017-01-09 18:59,0.01,,,,,,,,0725,1710,
2017-01-09 19:59,0.01,,,,,,,,0725,1710,
2017-01-09 21:59,0.01,,,,,,,,0725,1710,
2017-01-09 22:59,0.01,,,,,,,,0725,1710,
2017-01-09 23:59,,,59,53,56,5.2,9,0,0725,1710,0.17
2017-01-10 00:59,0.01,,,,,,,,0725,1710,
2017-01-10 01:59,0.03,,,,,,,,0725,1710,
2017-01-10 02:59,0.04,,,,,,,,0725,1710,
2017-01-10 03:59,0.05,,,,,,,,0725,1710,
2017-01-10 04:59,0.05,,,,,,,,0725,1710,
2017-01-10 05:59,0.03,,,,,,,,0725,1710,
2017-01-10 06:59,0.02,,,,,,,,0725,1710,
2017-01-10 07:59,0.03,,,,,,,,0725,1710,
2017-01-10 08:59,0.03,,,,,,,,0725,1710,
2017-01-10 09:59,0.03,,,,,,,,0725,1710,
2017-01-10 10:59,0.05,,,,,,,,0725,1710,
2017-01-10 11:59,0.07,,,,,,,,0725,1710,
2017-01-10 12:59,0.05,,,,,,,,0725,1710,
2017-01-10 13:59,0.09,,,,,,,,0725,1710,
2017-01-10 14:59,0.08,,,,,,,,0725,1710,
2017-01-10 15:59,0.03,,,,,,,,0725,1710,
2017-01-10 16:59,0.03,,,,,,,,0725,1711,
2017-01-10 17:59,0.08,,,,,,,,0725,1711,
2017-01-10 18:59,0.15,,,,,,,,0725,1711,
2017-01-10 19:59,0.18,,,,,,,,0725,1711,
2017-01-10 20:59,0.04,,,,,,,,0725,1711,
2017-01-10 23:59,,,59,53,56,5.2,9,0,0725,1711,1.27
2017-01-11 06:59,0.01,,,,,,,,0725,1711,
2017-01-11 19:59,0.02,,,,,,,,0725,1712,
2017-01-11 20:59,0.03,,,,,,,,0725,1712,
2017-01-11 22:59,0.02,,,,,,,,0725,1712,
2017-01-11 23:59,,,55,47,51,0.1,14,0,0725,1712,0.13
2017-01-12 00:59,0.02,,,,,,,,0725,1712,
2017-01-12 01:59,0.09,,,,,,,,0725,1712,
2017-01-12 02:59,0.09,,,,,,,,0725,1712,
2017-01-12 03:59,0.01,,,,,,,,0725,1712,
2017-01-12 04:59,0.02,,,,,,,,0725,1712,
2017-01-12 05:59,0.03,,,,,,,,0725,1712,
2017-01-12 06:59,0.01,,,,,,,,0725,1712,
2017-01-12 07:59,0.01,,,,,,,,0725,1712,
2017-01-12 15:59,0.02,,,,,,,,0725,1712,
2017-01-12 23:59,,,51,44,48,-2.9,17,0,0725,1713,0.30
2017-01-13 23:59,,,57,42,50,-1.0,15,0,0724,1714,0.00
2017-01-14 23:59,,,59,44,52,1.0,13,0,0724,1715,0.00
2017-01-15 23:59,,,53,43,48,-3.1,17,0,0724,1716,0.00
2017-01-16 23:59,,,54,43,48,-3.2,17,0,0723,1717,0.00
2017-01-17 23:59,,,52,43,47,-4.2,18,0,0723,1718,0.00
2017-01-18 04:59,0.02,,,,,,,,0723,1718,
2017-01-18 05:59,0.03,,,,,,,,0723,1718,
2017-01-18 09:59,0.03,,,,,,,,0723,1718,
2017-01-18 10:59,0.03,,,,,,,,0723,1718,
2017-01-18 11:59,0.02,,,,,,,,0723,1718,
2017-01-18 12:59,0.11,,,,,,,,0723,1718,
2017-01-18 13:59,0.07,,,,,,,,0723,1718,
2017-01-18 14:59,0.04,,,,,,,,0723,1718,
2017-01-18 15:59,0.04,,,,,,,,0723,1718,
2017-01-18 16:59,0.04,,,,,,,,0723,1719,
2017-01-18 17:59,0.03,,,,,,,,0723,1719,
2017-01-18 18:59,0.06,,,,,,,,0723,1719,
2017-01-18 19:59,0.32,,,,,,,,0723,1719,
2017-01-18 20:59,0.01,,,,,,,,0723,1719,
2017-01-18 23:59,,,53,47,50,-1.3,15,0,0723,1719,0.85
2017-01-19 05:59,0.18,,,,,,,,0723,1719,
2017-01-19 10:59,0.02,,,,,,,,0723,1719,
2017-01-19 22:59,0.01,,,,,,,,0722,1720,
2017-01-19 23:59,,,57,49,53,1.6,12,0,0722,1720,0.21
2017-01-20 00:59,0.02,,,,,,,,0722,1720,
2017-01-20 01:59,0.15,,,,,,,,0722,1720,
2017-01-20 02:59,0.12,,,,,,,,0722,1720,
2017-01-20 03:59,0.12,,,,,,,,0722,1720,
2017-01-20 04:59,0.41,,,,,,,,0722,1720,
2017-01-20 06:59,0.01,,,,,,,,0722,1720,
2017-01-20 07:59,0.06,,,,,,,,0722,1720,
2017-01-20 08:59,0.03,,,,,,,,0722,1720,
2017-01-20 13:59,0.03,,,,,,,,0722,1720,
2017-01-20 16:59,0.04,,,,,,,,0722,1721,
2017-01-20 17:59,0.04,,,,,,,,0722,1721,
2017-01-20 20:59,0.01,,,,,,,,0722,1721,
2017-01-20 21:59,0.01,,,,,,,,0722,1721,
2017-01-20 23:59,,,55,45,50,-1.5,15,0,0722,1721,1.05
2017-01-21 00:59,0.01,,,,,,,,0722,1721,
2017-01-21 02:59,0.03,,,,,,,,0722,1721,
2017-01-21 04:59,0.01,,,,,,,,0722,1721,
2017-01-21 05:59,0.02,,,,,,,,0722,1721,
2017-01-21 17:59,0.04,,,,,,,,0721,1722,
2017-01-21 18:59,0.06,,,,,,,,0721,1722,
2017-01-21 19:59,0.07,,,,,,,,0721,1722,
2017-01-21 20:59,0.05,,,,,,,,0721,1722,
2017-01-21 21:59,0.01,,,,,,,,0721,1722,
2017-01-21 22:59,0.07,,,,,,,,0721,1722,
2017-01-21 23:59,,,55,48,52,0.5,13,0,0721,1722,0.46
2017-01-22 00:59,0.03,,,,,,,,0721,1722,
2017-01-22 01:59,0.05,,,,,,,,0721,1722,
2017-01-22 02:59,0.05,,,,,,,,0721,1722,
2017-01-22 03:59,0.05,,,,,,,,0721,1722,
2017-01-22 04:59,0.15,,,,,,,,0721,1722,
2017-01-22 05:59,0.11,,,,,,,,0721,1722,
2017-01-22 06:59,0.01,,,,,,,,0721,1722,
2017-01-22 10:59,0.03,,,,,,,,0721,1722,
2017-01-22 14:59,0.06,,,,,,,,0721,1722,
2017-01-22 15:59,0.16,,,,,,,,0721,1722,
2017-01-22 16:59,0.12,,,,,,,,0720,1723,
2017-01-22 17:59,0.03,,,,,,,,0720,1723,
2017-01-22 21:59,0.03,,,,,,,,0720,1723,
2017-01-22 22:59,0.08,,,,,,,,0720,1723,
2017-01-22 23:59,,,57,46,52,0.4,13,0,0720,1723,0.99
2017-01-23 00:59,0.02,,,,,,,,0720,1723,
2017-01-23 01:59,0.02,,,,,,,,0720,1723,
2017-01-23 03:59,0.02,,,,,,,,0720,1723,
2017-01-23 05:59,0.02,,,,,,,,0720,1723,
2017-01-23 10:59,0.02,,,,,,,,0720,1723,
2017-01-23 11:59,0.05,,,,,,,,0720,1723,
2017-01-23 15:59,0.01,,,,,,,,0720,1723,
2017-01-23 18:59,0.04,,,,,,,,0720,1724,
2017-01-23 19:59,0.01,,,,,,,,0720,1724,
2017-01-23 21:59,0.03,,,,,,,,0720,1724,
2017-01-23 22:59,0.02,,,,,,,,0720,1724,
2017-01-23 23:59,,,53,45,49,-2.7,16,0,0720,1724,0.26
2017-01-24 23:59,,,53,44,49,-2.8,16,0,0719,1726,0.00
2017-01-25 23:59,,,55,43,49,-2.9,16,0,0719,1727,0.00
2017-01-26 23:59,,,55,46,51,-1.0,14,0,0718,1728,0.00
2017-01-27 23:59,,,59,47,53,0.9,12,0,0717,1729,0.00
2017-01-28 23:59,,,61,46,54,1.8,11,0,0716,1730,0.00
2017-01-29 23:59,,,62,46,54,1.7,11,0,0716,1731,0.00
2017-01-30 23:59,,,61,47,54,1.6,11,0,0715,1732,0.00
2017-01-31 23:59,,,59,47,53,0.5,12,0,0714,1733,0.00
2017-02-01 23:59,,,56,50,53,0.4,12,0,0713,1734,0.00
2017-02-02 00:59,0.01,,,,,,,,0713,1734,
2017-02-02 01:59,0.06,,,,,,,,0713,1734,
2017-02-02 02:59,0.01,,,,,,,,0713,1734,
2017-02-02 03:59,0.01,,,,,,,,0713,1734,
2017-02-02 06:59,0.01,,,,,,,,0713,1734,
2017-02-02 21:59,0.01,,,,,,,,0712,1736,
2017-02-02 22:59,0.01,,,,,,,,0712,1736,
2017-02-02 23:59,,,62,50,56,3.3,9,0,0712,1736,0.12
2017-02-03 03:59,0.10,,,,,,,,0712,1736,
2017-02-03 04:59,0.05,,,,,,,,0712,1736,
2017-02-03 05:59,0.16,,,,,,,,0712,1736,
2017-02-03 06:59,0.07,,,,,,,,0712,1736,
2017-02-03 21:59,0.02,,,,,,,,0711,1737,
2017-02-03 22:59,0.01,,,,,,,,0711,1737,
2017-02-03 23:59,,,60,54,57,4.2,8,0,0711,1737,0.41
2017-02-04 00:59,0.01,,,,,,,,0711,1737,
2017-02-04 02:59,0.02,,,,,,,,0711,1737,
2017-02-04 03:59,0.07,,,,,,,,0711,1737,
2017-02-04 04:59,0.03,,,,,,,,0711,1737,
2017-02-04 05:59,0.06,,,,,,,,0711,1737,
2017-02-04 07:59,0.01,,,,,,,,0711,1737,
2017-02-04 10:59,0.04,,,,,,,,0711,1737,
2017-02-04 11:59,0.03,,,,,,,,0711,1737,
2017-02-04 12:59,0.01,,,,,,,,0711,1737,
2017-02-04 23:59,,,59,53,56,3.1,9,0,0710,1738,0.28
2017-02-05 17:59,0.03,,,,,,,,0709,1739,
2017-02-05 18:59,0.07,,,,,,,,0709,1739,
2017-02-05 19:59,0.02,,,,,,,,0709,1739,
2017-02-05 20:59,0.04,,,,,,,,0709,1739,
2017-02-05 23:59,,,61,51,56,3.0,9,0,0709,1739,0.16
2017-02-06 07:59,0.01,,,,,,,,0709,1739,
2017-02-06 08:59,0.04,,,,,,,,0709,1739,
2017-02-06 09:59,0.02,,,,,,,,0709,1739,
2017-02-06 10:59,0.01,,,,,,,,0709,1739,
2017-02-06 15:59,0.01,,,,,,,,0709,1739,
2017-02-06 17:59,0.02,,,,,,,,0708,1740,
2017-02-06 18:59,0.04,,,,,,,,0708,1740,
2017-02-06 19:59,0.05,,,,,,,,0708,1740,
2017-02-06 20:59,0.07,,,,,,,,0708,1740,
2017-02-06 21:59,0.10,,,,,,,,0708,1740,
2017-02-06 22:59,0.11,,,,,,,,0708,1740,
2017-02-06 23:59,,,58,54,56,2.9,9,0,0708,1740,0.50
2017-02-07 00:59,0.06,,,,,,,,0708,1740,
2017-02-07 01:59,0.10,,,,,,,,0708,1740,
2017-02-07 02:59,0.06,,,,,,,,0708,1740,
2017-02-07 03:59,0.01,,,,,,,,0708,1740,
2017-02-07 04:59,0.02,,,,,,,,0708,1740,
2017-02-07 05:59,0.19,,,,,,,,0708,1740,
2017-02-07 06:59,0.07,,,,,,,,0708,1740,
2017-02-07 07:59,0.04,,,,,,,,0708,1740,
2017-02-07 08:59,0.16,,,,,,,,0708,1740,
2017-02-07 09:59,0.07,,,,,,,,0708,1740,
2017-02-07 15:59,0.01,,,,,,,,0708,1740,
2017-02-07 22:59,0.01,,,,,,,,0707,1741,
2017-02-07 23:59,,,61,55,58,4.8,7,0,0707,1741,0.83
2017-02-08 00:59,0.07,,,,,,,,0707,1741,
2017-02-08 01:59,0.03,,,,,,,,0707,1741,
2017-02-08 02:59,0.01,,,,,,,,0707,1741,
2017-02-08 05:59,0.02,,,,,,,,0707,1741,
2017-02-08 06:59,0.05,,,,,,,,0707,1741,
2017-02-08 07:59,0.01,,,,,,,,0707,1741,
2017-02-08 08:59,0.01,,,,,,,,0707,1741,
2017-02-08 09:59,0.03,,,,,,,,0707,1741,
2017-02-08 10:59,0.05,,,,,,,,0707,1741,
2017-02-08 11:59,0.03,,,,,,,,0707,1741,
2017-02-08 12:59,0.02,,,,,,,,0707,1741,
2017-02-08 13:59,0.01,,,,,,,,0707,1741,
2017-02-08 23:59,,,63,56,59,5.7,6,0,0706,1742,0.34
2017-02-09 06:59,0.01,,,,,,,,0706,1742,
2017-02-09 07:59,0.07,,,,,,,,0706,1742,
2017-02-09 08:59,0.04,,,,,,,,0706,1742,
2017-02-09 09:59,0.04,,,,,,,,0706,1742,
2017-02-09 10:59,0.08,,,,,,,,0706,1742,
2017-02-09 11:59,0.17,,,,,,,,0706,1742,
2017-02-09 12:59,0.10,,,,,,,,0706,1742,
2017-02-09 13:59,0.06,,,,,,,,0706,1742,
2017-02-09 14:59,0.04,,,,,,,,0706,1742,
2017-02-09 15:59,0.03,,,,,,,,0706,1742,
2017-02-09 16:59,0.03,,,,,,,,0705,1743,
2017-02-09 17:59,0.02,,,,,,,,0705,1743,
2017-02-09 23:59,,,62,57,60,6.6,5,0,0705,1743,0.69
2017-02-10 01:59,0.01,,,,,,,,0705,1743,
2017-02-10 02:59,0.01,,,,,,,,0705,1743,
2017-02-10 03:59,0.05,,,,,,,,0705,1743,
2017-02-10 04:59,0.01,,,,,,,,0705,1743,
2017-02-10 23:59,,,60,50,55,1.5,10,0,0704,1744,0.08
2017-02-11 23:59,,,60,47,54,0.4,11,0,0703,1745,0.00
2017-02-12 23:59,,,64,47,55,1.3,10,0,0702,1747,0.00
2017-02-13 23:59,,,63,49,56,2.2,9,0,0701,1748,0.00
2017-02-14 23:59,,,67,51,59,5.1,6,0,0700,1749,0.00
2017-02-15 23:59,,,65,53,59,5.0,6,0,0658,1750,0.00
2017-02-16 03:59,0.21,,,,,,,,0658,1750,
2017-02-16 04:59,0.09,,,,,,,,0658,1750,
2017-02-16 05:59,0.03,,,,,,,,0658,1750,
2017-02-16 06:59,0.02,,,,,,,,0658,1750,
2017-02-16 08:59,0.01,,,,,,,,0658,1750,
2017-02-16 23:59,,,63,55,59,4.9,6,0,0657,1751,0.36
2017-02-17 02:59,0.03,,,,,,,,0657,1751,
2017-02-17 03:59,0.05,,,,,,,,0657,1751,
2017-02-17 04:59,0.13,,,,,,,,0657,1751,
2017-02-17 05:59,0.11,,,,,,,,0657,1751,
2017-02-17 06:59,0.10,,,,,,,,0657,1751,
2017-02-17 07:59,0.07,,,,,,,,0657,1751,
2017-02-17 08:59,0.06,,,,,,,,0657,1751,
2017-02-17 09:59,0.02,,,,,,,,0657,1751,
2017-02-17 10:59,0.03,,,,,,,,0657,1751,
2017-02-17 11:59,0.07,,,,,,,,0657,1751,
2017-02-17 13:59,0.01,,,,,,,,0657,1751,
2017-02-17 14:59,0.01,,,,,,,,0657,1751,
2017-02-17 15:59,0.04,,,,,,,,0657,1751,
2017-02-17 16:59,0.09,,,,,,,,0656,1752,
2017-02-17 17:59,0.11,,,,,,,,0656,1752,
2017-02-17 18:59,0.03,,,,,,,,0656,1752,
2017-02-17 19:59,0.07,,,,,,,,0656,1752,
2017-02-17 20:59,0.02,,,,,,,,0656,1752,
2017-02-17 23:59,,,58,53,55,0.9,10,0,0656,1752,1.05
2017-02-18 01:59,0.10,,,,,,,,0656,1752,
2017-02-18 02:59,0.01,,,,,,,,0656,1752,
2017-02-18 05:59,0.01,,,,,,,,0656,1752,
2017-02-18 23:59,,,55,51,53,-1.2,12,0,0655,1753,0.12
2017-02-19 03:59,0.03,,,,,,,,0655,1753,
2017-02-19 04:59,0.02,,,,,,,,0655,1753,
2017-02-19 05:59,0.02,,,,,,,,0655,1753,
2017-02-19 10:59,0.01,,,,,,,,0655,1753,
2017-02-19 12:59,0.02,,,,,,,,0655,1753,
2017-02-19 13:59,0.01,,,,,,,,0655,1753,
2017-02-19 23:59,,,56,48,52,-2.3,13,0,0654,1754,0.13
2017-02-20 01:59,0.05,,,,,,,,0654,1754,
2017-02-20 02:59,0.21,,,,,,,,0654,1754,
2017-02-20 03:59,0.26,,,,,,,,0654,1754,
2017-02-20 04:59,0.30,,,,,,,,0654,1754,
2017-02-20 05:59,0.08,,,,,,,,0654,1754,
2017-02-20 06:59,0.01,,,,,,,,0654,1754,
2017-02-20 07:59,0.01,,,,,,,,0654,1754,
2017-02-20 08:59,0.01,,,,,,,,0654,1754,
2017-02-20 09:59,0.05,,,,,,,,0654,1754,
2017-02-20 10:59,0.08,,,,,,,,0654,1754,
2017-02-20 11:59,0.07,,,,,,,,0654,1754,
2017-02-20 12:59,0.07,,,,,,,,0654,1754,
2017-02-20 13:59,0.04,,,,,,,,0654,1754,
2017-02-20 14:59,0.07,,,,,,,,0654,1754,
2017-02-20 15:59,0.16,,,,,,,,0654,1754,
2017-02-20 16:59,0.21,,,,,,,,0652,1755,
2017-02-20 17:59,0.12,,,,,,,,0652,1755,
2017-02-20 18:59,0.02,,,,,,,,0652,1755,
2017-02-20 22:59,0.01,,,,,,,,0652,1755,
2017-02-20 23:59,,,59,53,56,1.6,9,0,0652,1755,1.83
2017-02-21 04:59,0.21,,,,,,,,0652,1755,
2017-02-21 08:59,0.01,,,,,,,,0652,1755,
2017-02-21 14:59,0.16,,,,,,,,0652,1755,
2017-02-21 15:59,0.04,,,,,,,,0652,1755,
2017-02-21 16:59,0.02,,,,,,,,0651,1756,
2017-02-21 17:59,0.01,,,,,,,,0651,1756,
2017-02-21 23:59,,,60,50,55,0.6,10,0,0651,1756,0.45
2017-02-22 23:59,,,54,45,49,-5.5,16,0,0650,1757,0.00
2017-02-23 23:59,,,52,43,47,-7.5,18,0,0648,1758,0.00
2017-02-24 23:59,,,54,41,47,-7.6,18,0,0647,1759,0.01
2017-02-25 03:59,0.02,,,,,,,,0647,1759,
2017-02-25 23:59,,,56,44,50,-4.6,15,0,0646,1800,0.02
2017-02-26 20:59,0.01,,,,,,,,0644,1801,
2017-02-26 21:59,0.13,,,,,,,,0644,1801,
2017-02-26 22:59,0.01,,,,,,,,0644,1801,
2017-02-26 23:59,,,56,43,49,-5.7,16,0,0644,1801,0.17
2017-02-27 00:59,0.02,,,,,,,,0644,1801,
2017-02-27 01:59,0.03,,,,,,,,0644,1801,
2017-02-27 23:59,,,55,43,49,-5.7,16,0,0643,1802,0.05
2017-02-28 23:59,,,57,44,51,-3.8,14,0,0642,1803,0.00
2017-03-01 23:59,,,62,44,53,-1.8,12,0,0640,1804,0.00
2017-03-02 23:59,,,65,46,55,0.2,10,0,0639,1805,0.00
2017-03-03 23:59,,,62,48,55,0.1,10,0,0637,1806,0.00
2017-03-04 08:59,0.06,,,,,,,,0637,1806,
2017-03-04 10:59,0.02,,,,,,,,0637,1806,
2017-03-04 18:59,0.02,,,,,,,,0636,1807,
2017-03-04 19:59,0.27,,,,,,,,0636,1807,
2017-03-04 20:59,0.48,,,,,,,,0636,1807,
2017-03-04 21:59,0.11,,,,,,,,0636,1807,
2017-03-04 22:59,0.08,,,,,,,,0636,1807,
2017-03-04 23:59,,,60,49,54,-0.9,11,0,0636,1807,1.05
2017-03-05 01:59,0.01,,,,,,,,0636,1807,
2017-03-05 03:59,0.06,,,,,,,,0636,1807,
2017-03-05 04:59,0.03,,,,,,,,0636,1807,
2017-03-05 05:59,0.07,,,,,,,,0636,1807,
2017-03-05 06:59,0.07,,,,,,,,0636,1807,
2017-03-05 07:59,0.02,,,,,,,,0636,1807,
2017-03-05 10:59,0.01,,,,,,,,0636,1807,
2017-03-05 11:59,0.01,,,,,,,,0636,1807,
2017-03-05 12:59,0.01,,,,,,,,0636,1807,
2017-03-05 23:59,,,51,43,47,-7.9,18,0,0634,1808,0.29
2017-03-06 00:59,0.13,,,,,,,,0634,1808,
2017-03-06 01:59,0.03,,,,,,,,0634,1808,
2017-03-06 02:59,0.02,,,,,,,,0634,1808,
2017-03-06 03:59,0.02,,,,,,,,0634,1808,
2017-03-06 04:59,0.04,,,,,,,,0634,1808,
2017-03-06 06:59,0.02,,,,,,,,0634,1808,
2017-03-06 10:59,0.01,,,,,,,,0634,1808,
2017-03-06 11:59,0.02,,,,,,,,0634,1808,
2017-03-06 12:59,0.01,,,,,,,,0634,1808,
2017-03-06 14:59,0.07,,,,,,,,0634,1808,
2017-03-06 15:59,0.01,,,,,,,,0634,1808,
2017-03-06 16:59,0.01,,,,,,,,0633,1809,
2017-03-06 23:59,,,55,42,49,-6.0,16,0,0633,1809,0.39
2017-03-07 23:59,,,58,45,51,-4.0,14,0,0631,1810,0.00
2017-03-08 23:59,,,63,48,55,0.0,10,0,0630,1811,0.00
2017-03-09 23:59,,,68,51,60,5.0,5,0,0629,1812,0.00
2017-03-10 23:59,,,70,53,62,7.0,3,0,0627,1813,0.00
2017-03-11 23:59,,,65,51,58,2.9,7,0,0626,1814,0.00
2017-03-12 23:59,,,73,51,62,6.9,3,0,0624,1815,0.00
2017-03-13 23:59,,,76,51,64,8.9,1,0,0623,1816,0.00
2017-03-14 23:59,,,76,55,65,9.9,0,0,0621,1817,0.00
2017-03-15 23:59,,,59,51,55,-0.1,10,0,0620,1818,0.00
2017-03-16 23:59,,,63,53,58,2.9,7,0,0618,1819,0.00
2017-03-17 23:59,,,76,51,64,8.8,1,0,0617,1820,0.00
2017-03-18 23:59,,,64,53,59,3.8,6,0,0615,1821,0.00
2017-03-19 23:59,,,64,53,59,3.8,6,0,0614,1822,0.00
2017-03-20 12:59,0.01,,,,,,,,0614,1822,
2017-03-20 14:59,0.03,,,,,,,,0614,1822,
2017-03-20 15:59,0.01,,,,,,,,0614,1822,
2017-03-20 16:59,0.03,,,,,,,,0612,1822,
2017-03-20 18:59,0.02,,,,,,,,0612,1822,
2017-03-20 19:59,0.09,,,,,,,,0612,1822,
2017-03-20 20:59,0.25,,,,,,,,0612,1822,
2017-03-20 21:59,0.22,,,,,,,,0612,1822,
2017-03-20 22:59,0.14,,,,,,,,0612,1822,
2017-03-20 23:59,,,61,54,57,1.8,8,0,0612,1822,0.86
2017-03-21 00:59,0.01,,,,,,,,0612,1822,
2017-03-21 01:59,0.03,,,,,,,,0612,1822,
2017-03-21 03:59,0.01,,,,,,,,0612,1822,
2017-03-21 04:59,0.01,,,,,,,,0612,1822,
2017-03-21 05:59,0.19,,,,,,,,0612,1822,
2017-03-21 06:59,0.20,,,,,,,,0612,1822,
2017-03-21 07:59,0.07,,,,,,,,0612,1822,
2017-03-21 22:59,0.02,,,,,,,,0610,1823,
2017-03-21 23:59,,,64,55,60,4.8,5,0,0610,1823,0.61
2017-03-22 00:59,0.01,,,,,,,,0610,1823,
2017-03-22 01:59,0.01,,,,,,,,0610,1823,
2017-03-22 02:59,0.04,,,,,,,,0610,1823,
2017-03-22 03:59,0.02,,,,,,,,0610,1823,
2017-03-22 05:59,0.01,,,,,,,,0610,1823,
2017-03-22 23:59,,,59,50,54,-1.3,11,0,0609,1824,0.09
2017-03-23 23:59,,,59,49,54,-1.3,11,0,0607,1825,0.00
2017-03-24 03:59,0.01,,,,,,,,0607,1825,
2017-03-24 04:59,0.08,,,,,,,,0607,1825,
2017-03-24 05:59,0.03,,,,,,,,0607,1825,
2017-03-24 06:59,0.01,,,,,,,,0607,1825,
2017-03-24 07:59,0.03,,,,,,,,0607,1825,
2017-03-24 08:59,0.16,,,,,,,,0607,1825,
2017-03-24 09:59,0.09,,,,,,,,0607,1825,
2017-03-24 10:59,0.08,,,,,,,,0607,1825,
2017-03-24 11:59,0.03,,,,,,,,0607,1825,
2017-03-24 12:59,0.04,,,,,,,,0607,1825,
2017-03-24 13:59,0.01,,,,,,,,0607,1825,
2017-03-24 17:59,0.01,,,,,,,,0606,1826,
2017-03-24 23:59,,,58,52,55,-0.3,10,0,0606,1826,0.58
2017-03-25 23:59,,,60,50,55,-0.3,10,0,0604,1827,0.00
2017-03-26 16:59,0.01,,,,,,,,0603,1828,
2017-03-26 19:59,0.05,,,,,,,,0603,1828,
2017-03-26 23:59,,,61,51,56,0.7,9,0,0603,1828,0.06
2017-03-27 23:59,,,59,50,54,-1.4,11,0,0601,1829,0.00
2017-03-28 23:59,,,67,50,58,2.6,7,0,0600,1830,0.00
2017-03-29 23:59,,,66,53,60,4.6,5,0,0558,1831,0.00
2017-03-30 23:59,,,61,51,56,0.5,9,0,0557,1832,0.00
2017-03-31 23:59,,,71,54,63,7.5,2,0,0555,1833,0.00
2017-04-01 23:59,,,75,53,64,8.5,1,0,0554,1833,0.00
2017-04-02 23:59,,,72,52,62,6.4,3,0,0552,1834,0.00
2017-04-03 23:59,,,66,49,57,1.4,8,0,0551,1835,0.00
2017-04-04 23:59,,,66,50,58,2.4,7,0,0549,1836,0.00
2017-04-05 23:59,,,73,52,63,7.3,2,0,0548,1837,0.00
2017-04-06 08:59,0.02,,,,,,,,0548,1837,
2017-04-06 09:59,0.02,,,,,,,,0548,1837,
2017-04-06 16:59,0.03,,,,,,,,0546,1838,
2017-04-06 17:59,0.17,,,,,,,,0546,1838,
2017-04-06 18:59,0.07,,,,,,,,0546,1838,
2017-04-06 19:59,0.04,,,,,,,,0546,1838,
2017-04-06 20:59,0.09,,,,,,,,0546,1838,
2017-04-06 21:59,0.16,,,,,,,,0546,1838,
2017-04-06 22:59,0.20,,,,,,,,0546,1838,
2017-04-06 23:59,,,63,48,55,-0.7,10,0,0546,1838,0.92
2017-04-07 09:59,0.01,,,,,,,,0546,1838,
2017-04-07 18:59,0.01,,,,,,,,0545,1839,
2017-04-07 19:59,0.02,,,,,,,,0545,1839,
2017-04-07 20:59,0.01,,,,,,,,0545,1839,
2017-04-07 21:59,0.11,,,,,,,,0545,1839,
2017-04-07 22:59,0.01,,,,,,,,0545,1839,
2017-04-07 23:59,,,63,48,55,-0.8,10,0,0545,1839,0.18
2017-04-08 07:59,0.03,,,,,,,,0545,1839,
2017-04-08 08:59,0.08,,,,,,,,0545,1839,
2017-04-08 09:59,0.01,,,,,,,,0545,1839,
2017-04-08 23:59,,,54,46,50,-5.8,15,0,0543,1840,0.12
2017-04-09 23:59,,,59,45,52,-3.8,13,0,0542,1841,0.00
2017-04-10 23:59,,,63,48,55,-0.9,10,0,0541,1842,0.00
2017-04-11 21:59,0.04,,,,,,,,0539,1843,
2017-04-11 22:59,0.10,,,,,,,,0539,1843,
2017-04-11 23:59,,,64,53,59,3.1,6,0,0539,1843,0.16
2017-04-12 02:59,0.01,,,,,,,,0539,1843,
2017-04-12 04:59,0.01,,,,,,,,0539,1843,
2017-04-12 05:59,0.01,,,,,,,,0539,1843,
2017-04-12 20:59,0.01,,,,,,,,0538,1843,
2017-04-12 21:59,0.01,,,,,,,,0538,1843,
2017-04-12 22:59,0.04,,,,,,,,0538,1843,
2017-04-12 23:59,,,66,53,60,4.0,5,0,0538,1843,0.15
2017-04-13 04:59,0.03,,,,,,,,0538,1843,
2017-04-13 05:59,0.01,,,,,,,,0538,1843,
2017-04-13 23:59,,,57,49,53,-3.0,12,0,0536,1844,0.04
2017-04-14 23:59,,,59,47,53,-3.1,12,0,0535,1845,0.00
2017-04-15 23:59,,,66,49,57,0.9,8,0,0533,1846,0.00
2017-04-16 09:59,0.05,,,,,,,,0533,1846,
2017-04-16 12:59,0.06,,,,,,,,0533,1846,
2017-04-16 13:59,0.01,,,,,,,,0533,1846,
2017-04-16 22:59,0.03,,,,,,,,0532,1847,
2017-04-16 23:59,,,58,51,54,-2.2,11,0,0532,1847,0.20
2017-04-17 00:59,0.06,,,,,,,,0532,1847,
2017-04-17 01:59,0.02,,,,,,,,0532,1847,
2017-04-17 02:59,0.02,,,,,,,,0532,1847,
2017-04-17 03:59,0.03,,,,,,,,0532,1847,
2017-04-17 04:59,0.01,,,,,,,,0532,1847,
2017-04-17 05:59,0.03,,,,,,,,0532,1847,
2017-04-17 15:59,0.02,,,,,,,,0532,1847,
2017-04-17 16:59,0.02,,,,,,,,0531,1848,
2017-04-17 20:59,0.01,,,,,,,,0531,1848,
2017-04-17 22:59,0.03,,,,,,,,0531,1848,
2017-04-17 23:59,,,62,54,58,1.8,7,0,0531,1848,0.27
2017-04-18 00:59,0.01,,,,,,,,0531,1848,
2017-04-18 04:59,0.01,,,,,,,,0531,1848,
2017-04-18 05:59,0.01,,,,,,,,0531,1848,
2017-04-18 23:59,,,63,53,58,1.7,7,0,0529,1849,0.03
2017-04-19 21:59,0.01,,,,,,,,0528,1850,
2017-04-19 22:59,0.10,,,,,,,,0528,1850,
2017-04-19 23:59,,,66,53,60,3.7,5,0,0528,1850,0.14
2017-04-20 00:59,0.01,,,,,,,,0528,1850,
2017-04-20 23:59,,,63,54,58,1.6,7,0,0527,1851,0.01
2017-04-21 23:59,,,72,53,63,6.6,2,0,0525,1852,0.00
2017-04-22 23:59,,,62,52,57,0.6,8,0,0524,1853,0.00
2017-04-23 23:59,,,60,52,56,-0.5,9,0,0523,1854,0.00
2017-04-24 23:59,,,60,52,56,-0.5,9,0,0521,1855,0.00
2017-04-25 23:59,,,61,53,57,0.4,8,0,0520,1855,0.00
2017-04-26 05:59,0.01,,,,,,,,0520,1855,
2017-04-26 13:59,0.01,,,,,,,,0520,1855,
2017-04-26 14:59,0.01,,,,,,,,0520,1855,
2017-04-26 23:59,,,60,53,57,0.4,8,0,0519,1856,0.03
2017-04-27 23:59,,,64,51,58,1.3,7,0,0518,1857,0.00
2017-04-28 23:59,,,67,50,58,1.3,7,0,0517,1858,0.00
2017-04-29 23:59,,,75,55,65,8.2,0,0,0515,1859,0.00
2017-04-30 23:59,,,72,52,62,5.2,3,0,0514,1900,0.00
2017-05-01 23:59,,,81,55,68,11.1,0,3,0513,1901,0.00
2017-05-02 23:59,,,83,57,70,13.1,0,5,0512,1902,0.00
2017-05-03 23:59,,,82,53,68,11.1,0,3,0511,1903,0.00
2017-05-04 23:59,,,59,50,54,-3.0,11,0,0510,1904,0.00
2017-05-05 23:59,,,60,50,55,-2.0,10,0,0509,1905,0.00
2017-05-06 23:59,,,61,49,55,-2.1,10,0,0508,1905,0.00
2017-05-07 23:59,,,65,50,57,-0.1,8,0,0507,1906,0.00
2017-05-08 23:59,,,65,50,57,-0.2,8,0,0506,1907,0.00
2017-05-09 23:59,,,67,51,59,1.8,6,0,0505,1908,0.00
2017-05-10 23:59,,,60,52,56,-1.3,9,0,0504,1909,0.00
2017-05-11 23:59,,,63,51,57,-0.3,8,0,0503,1910,0.00
2017-05-12 23:59,,,60,51,56,-1.4,9,0,0502,1911,0.00
2017-05-13 23:59,,,60,49,54,-3.4,11,0,0501,1912,0.00
2017-05-14 23:59,,,61,48,54,-3.5,11,0,0500,1913,0.00
2017-05-15 23:59,,,61,49,55,-2.5,10,0,0459,1913,0.00
2017-05-16 23:59,,,59,49,54,-3.6,11,0,0458,1914,0.00
2017-05-17 23:59,,,64,50,57,-0.7,8,0,0458,1915,0.00
2017-05-18 23:59,,,71,50,61,3.3,4,0,0457,1916,0.00
2017-05-19 23:59,,,75,53,64,6.2,1,0,0456,1917,0.00
2017-05-20 23:59,,,77,51,64,6.2,1,0,0455,1918,0.00
2017-05-21 23:59,,,69,52,61,3.1,4,0,0455,1918,0.00
2017-05-22 23:59,,,63,51,57,-1.0,8,0,0454,1919,0.00
2017-05-23 23:59,,,62,52,57,-1.0,8,0,0453,1920,0.00
2017-05-24 23:59,,,61,51,56,-2.1,9,0,0453,1921,0.00
2017-05-25 23:59,,,62,53,58,-0.2,7,0,0452,1922,0.00
2017-05-26 23:59,,,62,53,58,-0.3,7,0,0452,1922,0.00
2017-05-27 23:59,,,62,53,58,-0.3,7,0,0451,1923,0.00
2017-05-28 23:59,,,61,52,56,-2.4,9,0,0451,1924,0.00
2017-05-29 23:59,,,58,51,54,-4.5,11,0,0450,1924,0.00
2017-05-30 23:59,,,58,51,54,-4.5,11,0,0450,1925,0.00
2017-05-31 23:59,,,64,52,58,-0.6,7,0,0449,1926,0.00
2017-06-01 23:59,,,65,53,59,0.3,6,0,0449,1927,0.00
2017-06-02 23:59,,,68,52,60,1.2,5,0,0449,1927,0.00
2017-06-03 23:59,,,63,52,57,-1.8,8,0,0449,1928,0.00
2017-06-04 23:59,,,63,52,57,-1.9,8,0,0448,1928,0.00
2017-06-05 23:59,,,69,51,60,1.0,5,0,0448,1929,0.00
2017-06-06 23:59,,,61,51,56,-3.1,9,0,0448,1930,0.00
2017-06-07 23:59,,,62,52,57,-2.1,8,0,0448,1930,0.00
2017-06-08 06:59,0.01,,,,,,,,0448,1930,
2017-06-08 07:59,0.03,,,,,,,,0448,1930,
2017-06-08 08:59,0.01,,,,,,,,0448,1930,
2017-06-08 09:59,0.04,,,,,,,,0448,1930,
2017-06-08 13:59,0.01,,,,,,,,0448,1930,
2017-06-08 23:59,,,62,57,60,0.8,5,0,0447,1931,0.10
2017-06-09 23:59,,,63,54,58,-1.3,7,0,0447,1931,0.00
2017-06-10 23:59,,,64,53,59,-0.4,6,0,0447,1932,0.00
2017-06-11 23:59,,,60,52,56,-3.4,9,0,0447,1932,0.00
2017-06-12 23:59,,,65,52,58,-1.5,7,0,0447,1932,0.00
2017-06-13 23:59,,,66,52,59,-0.6,6,0,0447,1933,0.00
2017-06-14 23:59,,,72,52,62,2.4,3,0,0447,1933,0.00
2017-06-15 23:59,,,70,53,62,2.3,3,0,0447,1934,0.00
2017-06-16 23:59,,,72,58,65,5.3,0,0,0447,1934,0.00
2017-06-17 23:59,,,77,58,67,7.2,0,2,0447,1934,0.00
2017-06-18 23:59,,,88,61,74,14.2,0,9,0448,1934,0.00
2017-06-19 23:59,,,77,57,67,7.1,0,2,0448,1935,0.00
2017-06-20 23:59,,,71,55,63,3.1,2,0,0448,1935,0.00
2017-06-21 23:59,,,71,53,62,2.0,3,0,0448,1935,0.00
2017-06-22 23:59,,,72,56,64,4.0,1,0,0448,1935,0.00
2017-06-23 23:59,,,66,55,61,1.0,4,0,0449,1935,0.00
2017-06-24 23:59,,,64,55,60,-0.1,5,0,0449,1936,0.00
2017-06-25 23:59,,,64,55,60,-0.1,5,0,0449,1936,0.00
2017-06-26 23:59,,,73,58,65,4.9,0,0,0450,1936,0.00
2017-06-27 23:59,,,63,56,59,-1.1,6,0,0450,1936,0.00
2017-06-28 23:59,,,61,55,58,-2.1,7,0,0451,1936,0.00
2017-06-29 23:59,,,63,53,58,-2.2,7,0,0451,1936,0.00
2017-06-30 23:59,,,63,51,57,-3.2,8,0,0451,1936,0.00
2017-07-01 23:59,,,65,52,58,-2.2,7,0,0452,1935,0.00
2017-07-02 23:59,,,63,52,57,-3.2,8,0,0452,1935,0.00
2017-07-03 23:59,,,64,52,58,-2.2,7,0,0453,1935,0.00
2017-07-04 23:59,,,64,54,59,-1.2,6,0,0453,1935,0.00
2017-07-05 23:59,,,64,53,59,-1.2,6,0,0454,1935,0.00
2017-07-06 23:59,,,67,53,60,-0.2,5,0,0455,1934,0.00
2017-07-07 23:59,,,72,53,63,2.8,2,0,0455,1934,0.00
2017-07-08 23:59,,,76,54,65,4.8,0,0,0456,1934,0.00
2017-07-09 23:59,,,67,52,59,-1.2,6,0,0456,1933,0.00
2017-07-10 23:59,,,66,54,60,-0.2,5,0,0457,1933,0.00
2017-07-11 23:59,,,65,54,59,-1.2,6,0,0458,1933,0.00
2017-07-12 23:59,,,65,54,59,-1.2,6,0,0458,1932,0.00
2017-07-13 23:59,,,65,53,59,-1.2,6,0,0459,1932,0.00
2017-07-14 23:59,,,66,54,60,-0.2,5,0,0500,1931,0.00
2017-07-15 23:59,,,75,55,65,4.8,0,0,0500,1931,0.00
2017-07-16 23:59,,,78,58,68,7.8,0,3,0501,1930,0.00
2017-07-17 23:59,,,68,55,62,1.8,3,0,0502,1930,0.00
2017-07-18 23:59,,,63,52,57,-3.3,8,0,0503,1929,0.00
2017-07-19 23:59,,,68,53,61,0.7,4,0,0503,1928,0.00
2017-07-20 23:59,,,65,54,59,-1.3,6,0,0504,1928,0.00
2017-07-21 23:59,,,68,54,61,0.7,4,0,0505,1927,0.00
2017-07-22 23:59,,,77,55,66,5.7,0,1,0506,1926,0.00
2017-07-23 23:59,,,66,55,61,0.7,4,0,0506,1925,0.00
2017-07-24 23:59,,,68,56,62,1.6,3,0,0507,1925,0.00
2017-07-25 23:59,,,69,57,63,2.6,2,0,0508,1924,0.00
2017-07-26 23:59,,,66,55,61,0.6,4,0,0509,1923,0.00
2017-07-27 23:59,,,67,53,60,-0.5,5,0,0510,1922,0.00
2017-07-28 23:59,,,63,54,58,-2.5,7,0,0511,1921,0.00
2017-07-29 23:59,,,62,55,59,-1.5,6,0,0511,1920,0.00
2017-07-30 23:59,,,67,54,60,-0.6,5,0,0512,1919,0.00
2017-07-31 23:59,,,63,55,59,-1.6,6,0,0513,1918,0.00
2017-08-01 23:59,,,67,53,60,-0.7,5,0,0514,1917,0.00
2017-08-02 23:59,,,74,55,64,3.3,1,0,0515,1916,0.00
2017-08-03 23:59,,,76,59,67,6.2,0,2,0516,1915,0.00
2017-08-04 23:59,,,71,62,67,6.2,0,2,0516,1914,0.00
2017-08-05 23:59,,,67,58,62,1.1,3,0,0517,1913,0.00
2017-08-06 05:59,0.01,,,,,,,,0517,1913,
2017-08-06 23:59,,,65,57,61,0.1,4,0,0518,1912,0.01
2017-08-07 23:59,,,66,59,63,2.0,2,0,0519,1911,0.00
2017-08-08 23:59,,,64,57,61,-0.1,4,0,0520,1910,0.00
2017-08-09 23:59,,,62,57,60,-1.1,5,0,0521,1909,0.00
2017-08-10 23:59,,,67,57,62,0.8,3,0,0522,1908,0.00
2017-08-11 23:59,,,67,56,61,-0.3,4,0,0522,1906,0.00
2017-08-12 23:59,,,63,55,59,-2.3,6,0,0523,1905,0.00
2017-08-13 23:59,,,66,54,60,-1.4,5,0,0524,1904,0.00
2017-08-14 23:59,,,62,55,59,-2.5,6,0,0525,1903,0.00
2017-08-15 23:59,,,62,55,59,-2.6,6,0,0526,1901,0.00
2017-08-16 23:59,,,68,57,63,1.4,2,0,0527,1900,0.00
2017-08-17 23:59,,,67,59,63,1.3,2,0,0528,1859,0.00
2017-08-18 23:59,,,68,58,63,1.2,2,0,0529,1857,0.00
2017-08-19 23:59,,,66,58,62,0.2,3,0,0529,1856,0.00
2017-08-20 23:59,,,70,59,64,2.1,1,0,0530,1855,0.00
2017-08-21 23:59,,,70,61,65,3.0,0,0,0531,1853,0.00
2017-08-22 23:59,,,67,59,63,1.0,2,0,0532,1852,0.00
2017-08-23 23:59,,,64,57,61,-1.1,4,0,0533,1851,0.00
2017-08-24 23:59,,,64,57,61,-1.1,4,0,0534,1849,0.00
2017-08-25 23:59,,,64,54,59,-3.2,6,0,0535,1848,0.00
2017-08-26 23:59,,,74,53,64,1.8,1,0,0535,1846,0.00
2017-08-27 23:59,,,71,59,65,2.7,0,0,0536,1845,0.00
2017-08-28 23:59,,,68,57,63,0.7,2,0,0537,1844,0.00
2017-08-29 23:59,,,63,56,59,-3.4,6,0,0538,1842,0.00
2017-08-30 23:59,,,65,54,59,-3.4,6,0,0539,1841,0.00
2017-08-31 23:59,,,86,55,71,8.5,0,6,0540,1839,0.00
2017-09-01 23:59,,,106,69,88,25.5,0,23,0540,1838,0.00
2017-09-02 23:59,,,102,75,89,26.5,0,24,0541,1836,0.00
2017-09-03 23:59,,,84,65,74,11.4,0,9,0542,1835,0.00
2017-09-04 23:59,,,79,64,72,9.4,0,7,0543,1833,0.00
2017-09-05 23:59,,,77,64,71,8.4,0,6,0544,1832,0.00
2017-09-06 23:59,,,73,62,68,5.4,0,3,0545,1830,0.00
2017-09-07 23:59,,,71,61,66,3.3,0,1,0546,1829,0.00
2017-09-08 23:59,,,68,59,64,1.3,1,0,0546,1827,0.00
2017-09-09 23:59,,,72,59,65,2.3,0,0,0547,1826,0.00
2017-09-10 23:59,,,89,58,73,10.3,0,8,0548,1824,0.00
2017-09-11 18:59,0.03,,,,,,,,0549,1822,
2017-09-11 19:59,0.02,,,,,,,,0549,1822,
2017-09-11 20:59,0.05,,,,,,,,0549,1822,
2017-09-11 23:59,,,89,64,77,14.3,0,12,0549,1822,0.10
2017-09-12 23:59,,,79,63,71,8.3,0,6,0550,1821,0.00
2017-09-13 23:59,,,66,61,64,1.3,1,0,0551,1819,0.00
2017-09-14 23:59,,,66,59,63,0.3,2,0,0551,1818,0.00
2017-09-15 23:59,,,70,56,63,0.3,2,0,0552,1816,0.00
2017-09-16 23:59,,,68,56,62,-0.7,3,0,0553,1815,0.00
2017-09-17 23:59,,,69,57,63,0.3,2,0,0554,1813,0.00
2017-09-18 23:59,,,67,59,63,0.3,2,0,0555,1812,0.00
2017-09-19 23:59,,,71,57,64,1.3,1,0,0556,1810,0.00
2017-09-20 23:59,,,68,58,63,0.3,2,0,0557,1808,0.00
2017-09-21 23:59,,,64,55,60,-2.7,5,0,0557,1807,0.00
2017-09-22 23:59,,,68,55,62,-0.7,3,0,0558,1805,0.00
2017-09-23 23:59,,,74,55,64,1.3,1,0,0559,1804,0.00
2017-09-24 23:59,,,80,56,68,5.3,0,3,0600,1802,0.00
2017-09-25 23:59,,,81,57,69,6.4,0,4,0601,1801,0.00
2017-09-26 23:59,,,87,59,73,10.4,0,8,0602,1759,0.00
2017-09-27 23:59,,,85,63,74,11.4,0,9,0603,1758,0.00
2017-09-28 23:59,,,72,56,64,1.4,1,0,0603,1756,0.00
2017-09-29 23:59,,,62,57,60,-2.5,5,0,0604,1754,0.00
2017-09-30 23:59,,,69,56,63,0.5,2,0,0605,1753,0.00
2017-10-01 23:59,,,69,56,63,0.5,2,0,0606,1751,0.00
2017-10-02 23:59,,,70,55,63,0.5,2,0,0607,1750,0.00
2017-10-03 23:59,,,67,52,59,-3.4,6,0,0608,1748,0.00
2017-10-04 23:59,,,73,53,63,0.6,2,0,0609,1747,0.00
2017-10-05 23:59,,,74,49,61,-1.3,4,0,0610,1745,0.00
2017-10-06 23:59,,,83,54,68,5.7,0,3,0611,1744,0.00
2017-10-07 23:59,,,73,54,64,1.7,1,0,0611,1742,0.00
2017-10-08 23:59,,,75,53,64,1.8,1,0,0612,1741,0.00
2017-10-09 23:59,,,79,62,71,8.9,0,6,0613,1740,0.00
2017-10-10 23:59,,,72,52,62,-0.1,3,0,0614,1738,0.00
2017-10-11 23:59,,,66,52,59,-3.0,6,0,0615,1737,0.00
2017-10-12 23:59,,,66,52,59,-3.0,6,0,0616,1735,0.00
2017-10-13 23:59,,,71,52,62,0.1,3,0,0617,1734,0.00
2017-10-14 23:59,,,77,55,66,4.2,0,1,0618,1732,0.00
2017-10-15 23:59,,,80,56,68,6.3,0,3,0619,1731,0.00
2017-10-16 23:59,,,82,60,71,9.4,0,6,0620,1730,0.00
2017-10-17 23:59,,,75,50,63,1.4,2,0,0621,1728,0.00
2017-10-18 23:59,,,60,49,54,-7.5,11,0,0622,1727,0.00
2017-10-19 22:59,0.15,,,,,,,,0623,1726,
2017-10-19 23:59,,,63,53,58,-3.4,7,0,0623,1726,0.29
2017-10-20 00:59,0.02,,,,,,,,0623,1726,
2017-10-20 23:59,,,61,52,56,-5.3,9,0,0624,1724,0.02
2017-10-21 23:59,,,65,51,58,-3.1,7,0,0625,1723,0.00
2017-10-22 23:59,,,71,54,63,2.0,2,0,0626,1722,0.00
2017-10-23 23:59,,,82,59,71,10.1,0,6,0627,1721,0.00
2017-10-24 23:59,,,89,66,78,17.2,0,13,0628,1719,0.00
2017-10-25 23:59,,,86,64,75,14.4,0,10,0629,1718,0.00
2017-10-26 23:59,,,85,63,74,13.5,0,9,0630,1717,0.00
2017-10-27 23:59,,,83,53,68,7.6,0,3,0631,1716,0.00
2017-10-28 23:59,,,64,52,58,-2.2,7,0,0632,1715,0.00
2017-10-29 23:59,,,59,52,55,-5.0,10,0,0633,1713,0.00
2017-10-30 23:59,,,59,53,56,-3.9,9,0,0634,1712,0.00
2017-10-31 23:59,,,66,52,59,-0.7,6,0,0635,1711,0.00
2017-11-01 23:59,,,67,53,60,0.5,5,0,0636,1710,0.00
2017-11-02 23:59,,,66,51,59,-0.4,6,0,0637,1709,0.00
2017-11-03 02:59,0.01,,,,,,,,0637,1709,
2017-11-03 03:59,0.02,,,,,,,,0637,1709,
2017-11-03 23:59,,,65,57,61,1.8,4,0,0638,1708,0.03
2017-11-04 02:59,0.04,,,,,,,,0638,1708,
2017-11-04 03:59,0.04,,,,,,,,0638,1708,
2017-11-04 23:59,,,60,50,55,-4.0,10,0,0639,1707,0.08
2017-11-05 23:59,,,57,49,53,-5.8,12,0,0640,1706,0.00
2017-11-06 23:59,,,61,52,56,-2.6,9,0,0641,1705,0.00
2017-11-07 23:59,,,65,50,57,-1.4,8,0,0642,1704,0.00
2017-11-08 21:59,0.06,,,,,,,,0643,1703,
2017-11-08 22:59,0.04,,,,,,,,0643,1703,
2017-11-08 23:59,,,64,53,59,0.8,6,0,0643,1703,0.18
2017-11-09 00:59,0.02,,,,,,,,0643,1703,
2017-11-09 23:59,,,67,58,62,4.0,3,0,0645,1702,0.02
2017-11-10 07:59,0.05,,,,,,,,0645,1702,
2017-11-10 10:59,0.01,,,,,,,,0645,1702,
2017-11-10 11:59,0.16,,,,,,,,0645,1702,
2017-11-10 23:59,,,63,57,60,2.2,5,0,0646,1702,0.22
2017-11-11 23:59,,,62,54,58,0.4,7,0,0647,1701,0.00
2017-11-12 23:59,,,63,52,57,-0.4,8,0,0648,1700,0.00
2017-11-13 16:59,0.04,,,,,,,,0649,1659,
2017-11-13 17:59,0.05,,,,,,,,0649,1659,
2017-11-13 23:59,,,68,56,62,4.8,3,0,0649,1659,0.09
2017-11-14 23:59,,,63,53,58,1.1,7,0,0650,1658,0.00
2017-11-15 08:59,0.01,,,,,,,,0650,1658,
2017-11-15 20:59,0.01,,,,,,,,0651,1658,
2017-11-15 21:59,0.05,,,,,,,,0651,1658,
2017-11-15 23:59,,,63,53,58,1.3,7,0,0651,1658,0.22
2017-11-16 00:59,0.12,,,,,,,,0651,1658,
2017-11-16 01:59,0.08,,,,,,,,0651,1658,
2017-11-16 02:59,0.23,,,,,,,,0651,1658,
2017-11-16 03:59,0.14,,,,,,,,0651,1658,
2017-11-16 04:59,0.03,,,,,,,,0651,1658,
2017-11-16 05:59,0.26,,,,,,,,0651,1658,
2017-11-16 06:59,0.10,,,,,,,,0651,1658,
2017-11-16 07:59,0.06,,,,,,,,0651,1658,
2017-11-16 08:59,0.04,,,,,,,,0651,1658,
2017-11-16 09:59,0.07,,,,,,,,0651,1658,
2017-11-16 10:59,0.09,,,,,,,,0651,1658,
2017-11-16 11:59,0.01,,,,,,,,0651,1658,
2017-11-16 12:59,0.05,,,,,,,,0651,1658,
2017-11-16 13:59,0.05,,,,,,,,0651,1658,
2017-11-16 15:59,0.01,,,,,,,,0651,1658,
2017-11-16 16:59,0.03,,,,,,,,0652,1657,
2017-11-16 21:59,0.07,,,,,,,,0652,1657,
2017-11-16 22:59,0.03,,,,,,,,0652,1657,
2017-11-16 23:59,,,61,52,56,-0.5,9,0,0652,1657,1.48
2017-11-17 23:59,,,60,50,55,-1.3,10,0,0653,1656,0.00
2017-11-18 23:59,,,60,47,54,-2.1,11,0,0654,1656,0.00
2017-11-19 23:59,,,62,48,55,-0.9,10,0,0655,1655,0.00
2017-11-20 23:59,,,64,56,60,4.4,5,0,0656,1655,0.00
2017-11-21 23:59,,,69,57,63,7.6,2,0,0657,1654,0.00
2017-11-22 23:59,,,70,56,63,7.8,2,0,0658,1654,0.00
2017-11-23 23:59,,,67,58,62,7.0,3,0,0659,1653,0.00
2017-11-24 23:59,,,70,56,63,8.2,2,0,0700,1653,0.00
2017-11-25 23:59,,,69,57,63,8.4,2,0,0701,1652,0.00
2017-11-26 09:59,0.07,,,,,,,,0701,1652,
2017-11-26 11:59,0.07,,,,,,,,0701,1652,
2017-11-26 13:59,0.02,,,,,,,,0701,1652,
2017-11-26 14:59,0.06,,,,,,,,0701,1652,
2017-11-26 23:59,,,67,54,60,5.6,5,0,0702,1652,0.22
2017-11-27 00:59,0.11,,,,,,,,0702,1652,
2017-11-27 01:59,0.06,,,,,,,,0702,1652,
2017-11-27 03:59,0.12,,,,,,,,0702,1652,
2017-11-27 23:59,,,59,51,55,0.8,10,0,0703,1652,0.29
2017-11-28 23:59,,,59,48,54,0.0,11,0,0704,1652,0.00
2017-11-29 23:59,,,63,50,56,2.2,9,0,0705,1651,0.00
2017-11-30 23:59,,,64,51,58,4.4,7,0,0706,1651,0.00
2017-12-01 23:59,,,60,49,54,0.6,11,0,0707,1651,0.00
2017-12-02 23:59,,,60,50,55,1.7,10,0,0708,1651,0.02
2017-12-03 23:59,,,57,50,54,0.9,11,0,0709,1651,0.00
2017-12-04 23:59,,,63,49,56,3.1,9,0,0710,1651,0.00
2017-12-05 23:59,,,66,49,57,4.2,8,0,0711,1651,0.00
2017-12-06 23:59,,,64,47,55,2.4,10,0,0712,1651,0.00
2017-12-07 23:59,,,66,50,58,5.5,7,0,0713,1651,0.00
2017-12-08 23:59,,,64,48,56,3.7,9,0,0713,1651,0.00
2017-12-09 23:59,,,65,49,57,4.8,8,0,0714,1651,0.00
2017-12-10 23:59,,,67,48,57,5.0,8,0,0715,1651,0.00
2017-12-11 23:59,,,67,49,58,6.1,7,0,0716,1651,0.00
2017-12-12 23:59,,,62,47,54,2.2,11,0,0716,1651,0.00
2017-12-13 23:59,,,60,46,53,1.3,12,0,0717,1652,0.00
2017-12-14 23:59,,,67,47,57,5.4,8,0,0718,1652,0.00
2017-12-15 23:59,,,60,50,55,3.5,10,0,0718,1652,0.00
2017-12-16 23:59,,,64,51,58,6.6,7,0,0719,1653,0.00
2017-12-17 23:59,,,63,52,57,5.7,8,0,0720,1653,0.00
2017-12-18 23:59,,,60,48,54,2.8,11,0,0720,1653,0.00
2017-12-19 23:59,,,59,47,53,1.9,12,0,0721,1654,0.00
2017-12-20 01:59,0.09,,,,,,,,0721,1654,
2017-12-20 02:59,0.04,,,,,,,,0721,1654,
2017-12-20 23:59,,,54,47,50,-1.0,15,0,0721,1654,0.13
2017-12-21 23:59,,,56,46,51,0.0,14,0,0722,1655,0.00
2017-12-22 23:59,,,53,43,48,-2.9,17,0,0722,1655,0.00
2017-12-23 23:59,,,54,46,50,-0.8,15,0,0723,1656,0.00
2017-12-24 23:59,,,55,49,52,1.2,13,0,0723,1657,0.00
2017-12-25 23:59,,,58,48,53,2.2,12,0,0724,1657,0.00
2017-12-26 23:59,,,59,47,53,2.3,12,0,0724,1658,0.00
2017-12-27 23:59,,,60,46,53,2.3,12,0,0724,1658,0.00
2017-12-28 23:59,,,62,47,54,3.3,11,0,0725,1659,0.00
2017-12-29 23:59,,,59,49,54,3.4,11,0,0725,1700,0.00
2017-12-30 23:59,,,59,48,54,3.4,11,0,0725,1701,0.00
2017-12-31 23:59,,,59,48,54,3.4,11,0,0725,1702,0.00
2018-01-01 23:59,,,61,48,54,3.4,11,0,0725,1703,0.00
2018-01-02 23:59,,,61,52,56,5.4,9,0,0726,1703,0.00
2018-01-03 18:59,0.01,,,,,,,,0726,1704,
2018-01-03 19:59,0.03,,,,,,,,0726,1704,
2018-01-03 20:59,0.04,,,,,,,,0726,1704,
2018-01-03 21:59,0.01,,,,,,,,0726,1704,
2018-01-03 23:59,,,58,53,55,4.4,10,0,0726,1704,0.09
2018-01-04 07:59,0.01,,,,,,,,0726,1704,
2018-01-04 17:59,0.01,,,,,,,,0726,1705,
2018-01-04 20:59,0.02,,,,,,,,0726,1705,
2018-01-04 21:59,0.02,,,,,,,,0726,1705,
2018-01-04 23:59,,,63,53,58,7.4,7,0,0726,1705,0.06
2018-01-05 07:59,0.01,,,,,,,,0726,1705,
2018-01-05 08:59,0.04,,,,,,,,0726,1705,
2018-01-05 09:59,0.03,,,,,,,,0726,1705,
2018-01-05 11:59,0.01,,,,,,,,0726,1705,
2018-01-05 13:59,0.01,,,,,,,,0726,1705,
2018-01-05 16:59,0.04,,,,,,,,0726,1706,
2018-01-05 17:59,0.01,,,,,,,,0726,1706,
2018-01-05 18:59,0.02,,,,,,,,0726,1706,
2018-01-05 19:59,0.02,,,,,,,,0726,1706,
2018-01-05 20:59,0.03,,,,,,,,0726,1706,
2018-01-05 21:59,0.03,,,,,,,,0726,1706,
2018-01-05 22:59,0.01,,,,,,,,0726,1706,
2018-01-05 23:59,,,61,52,56,5.4,9,0,0726,1706,0.26
2018-01-06 23:59,,,59,50,54,3.3,11,0,0726,1707,0.00
2018-01-07 23:59,,,52,48,50,-0.7,15,0,0726,1708,0.00
2018-01-08 01:59,0.04,,,,,,,,0726,1708,
2018-01-08 02:59,0.05,,,,,,,,0726,1708,
2018-01-08 03:59,0.06,,,,,,,,0726,1708,
2018-01-08 04:59,0.12,,,,,,,,0726,1708,
2018-01-08 05:59,0.09,,,,,,,,0726,1708,
2018-01-08 06:59,0.20,,,,,,,,0726,1708,
2018-01-08 07:59,0.20,,,,,,,,0726,1708,
2018-01-08 08:59,0.16,,,,,,,,0726,1708,
2018-01-08 09:59,0.14,,,,,,,,0726,1708,
2018-01-08 10:59,0.08,,,,,,,,0726,1708,
2018-01-08 11:59,0.17,,,,,,,,0726,1708,
2018-01-08 12:59,0.16,,,,,,,,0726,1708,
2018-01-08 13:59,0.20,,,,,,,,0726,1708,
2018-01-08 14:59,0.12,,,,,,,,0726,1708,
2018-01-08 15:59,0.05,,,,,,,,0726,1708,
2018-01-08 16:59,0.10,,,,,,,,0725,1709,
2018-01-08 17:59,0.08,,,,,,,,0725,1709,
2018-01-08 18:59,0.14,,,,,,,,0725,1709,
2018-01-08 19:59,0.15,,,,,,,,0725,1709,
2018-01-08 20:59,0.21,,,,,,,,0725,1709,
2018-01-08 21:59,0.26,,,,,,,,0725,1709,
2018-01-08 22:59,0.17,,,,,,,,0725,1709,
2018-01-08 23:59,,,58,51,54,3.3,11,0,0725,1709,3.15
2018-01-09 00:59,0.02,,,,,,,,0725,1709,
2018-01-09 01:59,0.07,,,,,,,,0725,1709,
2018-01-09 02:59,0.13,,,,,,,,0725,1709,
2018-01-09 03:59,0.09,,,,,,,,0725,1709,
2018-01-09 05:59,0.01,,,,,,,,0725,1709,
2018-01-09 23:59,,,59,51,55,4.2,10,0,0725,1710,0.32
2018-01-10 23:59,,,56,50,53,2.2,12,0,0725,1711,0.04
2018-01-11 23:59,,,60,52,56,5.1,9,0,0725,1712,0.00
2018-01-12 23:59,,,59,50,54,3.1,11,0,0725,1713,0.00
2018-01-13 23:59,,,63,47,55,4.0,10,0,0724,1714,0.00
2018-01-14 23:59,,,58,49,53,2.0,12,0,0724,1715,0.00
2018-01-15 23:59,,,62,49,55,3.9,10,0,0724,1716,0.00
2018-01-16 01:59,0.01,,,,,,,,0724,1716,
2018-01-16 02:59,0.01,,,,,,,,0724,1716,
2018-01-16 23:59,,,60,54,57,5.8,8,0,0723,1717,0.02
2018-01-17 23:59,,,59,53,56,4.8,9,0,0723,1718,0.00
2018-01-18 23:59,,,56,50,53,1.7,12,0,0723,1719,0.43
2018-01-19 23:59,,,57,48,53,1.6,12,0,0722,1720,0.02
2018-01-20 23:59,,,57,43,50,-1.5,15,0,0722,1721,0.00
2018-01-21 23:59,,,57,45,51,-0.5,14,0,0721,1722,0.02
2018-01-22 23:59,,,58,50,54,2.4,11,0,0720,1723,0.30
2018-01-23 23:59,,,58,46,52,0.3,13,0,0720,1724,0.00
2018-01-24 23:59,,,58,48,53,1.2,12,0,0719,1726,0.42
2018-01-25 23:59,,,58,46,52,0.1,13,0,0719,1727,0.08
2018-01-26 23:59,,,56,45,50,-2.0,15,0,0718,1728,0.00
2018-01-27 23:59,,,60,45,53,0.9,12,0,0717,1729,0.00
2018-01-28 23:59,,,66,47,56,3.8,9,0,0716,1730,0.00
2018-01-29 23:59,,,63,52,57,4.7,8,0,0716,1731,0.00
2018-01-30 23:59,,,65,50,57,4.6,8,0,0715,1732,0.00
2018-01-31 23:59,,,67,50,58,5.5,7,0,0714,1733,0.00
2018-02-01 23:59,,,71,53,62,9.4,3,0,0713,1734,0.00
2018-02-02 23:59,,,73,54,64,11.3,1,0,0712,1736,0.00
2018-02-03 23:59,,,74,54,64,11.2,1,0,0711,1737,0.00
2018-02-04 23:59,,,74,57,65,12.1,0,0,0710,1738,0.00
2018-02-05 23:59,,,77,54,65,12.0,0,0,0709,1739,0.00
2018-02-06 23:59,,,75,54,64,10.9,1,0,0708,1740,0.00
2018-02-07 23:59,,,71,55,63,9.8,2,0,0707,1741,0.00
2018-02-08 23:59,,,74,54,64,10.7,1,0,0706,1742,0.00
2018-02-09 23:59,,,76,54,65,11.6,0,0,0705,1743,0.00
2018-02-10 23:59,,,68,52,60,6.5,5,0,0704,1744,0.00
2018-02-11 23:59,,,61,48,54,0.4,11,0,0703,1745,0.00
2018-02-12 23:59,,,57,47,52,-1.7,13,0,0702,1747,0.00
2018-02-13 23:59,,,63,50,56,2.2,9,0,0701,1748,0.00
2018-02-14 23:59,,,58,47,52,-1.9,13,0,0700,1749,0.00
2018-02-15 23:59,,,63,46,54,0.0,11,0,0658,1750,0.00
2018-02-16 23:59,,,65,46,55,0.9,10,0,0657,1751,0.00
2018-02-17 23:59,,,67,48,57,2.9,8,0,0656,1752,0.00
2018-02-18 23:59,,,53,44,49,-5.2,16,0,0655,1753,0.00
2018-02-19 23:59,,,51,41,46,-8.3,19,0,0654,1754,0.00
2018-02-20 23:59,,,52,40,46,-8.4,19,0,0652,1755,0.00
2018-02-21 23:59,,,55,43,49,-5.4,16,0,0651,1756,0.00
2018-02-22 14:59,0.01,,,,,,,,0651,1756,
2018-02-22 23:59,,,52,44,48,-6.5,17,0,0650,1757,0.01
2018-02-23 23:59,,,52,40,46,-8.5,19,0,0648,1758,0.00
2018-02-24 23:59,,,54,41,47,-7.6,18,0,0647,1759,0.00
2018-02-25 23:59,,,58,43,50,-4.6,15,0,0646,1800,0.00
2018-02-26 02:59,0.01,,,,,,,,0646,1800,
2018-02-26 05:59,0.03,,,,,,,,0646,1800,
2018-02-26 06:59,0.09,,,,,,,,0646,1800,
2018-02-26 07:59,0.05,,,,,,,,0646,1800,
2018-02-26 08:59,0.01,,,,,,,,0646,1800,
2018-02-26 20:59,0.01,,,,,,,,0644,1801,
2018-02-26 23:59,,,51,44,48,-6.7,17,0,0644,1801,0.20
2018-02-27 23:59,,,56,44,50,-4.7,15,0,0643,1802,0.00
2018-02-28 22:59,0.05,,,,,,,,0642,1803,
2018-02-28 23:59,0.16,,,,,,,,0642,1803,
2018-03-01 00:59,0.05,,,,,,,,0642,1803,
2018-03-01 01:59,0.06,,,,,,,,0642,1803,
2018-03-01 02:59,0.10,,,,,,,,0642,1803,
2018-03-01 03:59,0.10,,,,,,,,0642,1803,
2018-03-01 04:59,0.01,,,,,,,,0642,1803,
2018-03-01 05:59,0.03,,,,,,,,0642,1803,
2018-03-01 06:59,0.02,,,,,,,,0642,1803,
2018-03-01 07:59,0.02,,,,,,,,0642,1803,
2018-03-01 08:59,0.05,,,,,,,,0642,1803,
2018-03-01 09:59,0.04,,,,,,,,0642,1803,
2018-03-01 10:59,0.20,,,,,,,,0642,1803,
2018-03-01 16:59,0.01,,,,,,,,0640,1804,
2018-03-01 21:59,0.09,,,,,,,,0640,1804,
2018-03-01 22:59,0.05,,,,,,,,0640,1804,
2018-03-01 23:59,,,58,46,52,-2.8,13,0,0640,1804,0.83
2018-03-02 09:59,0.02,,,,,,,,0640,1804,
2018-03-02 13:59,0.07,,,,,,,,0640,1804,
2018-03-02 14:59,0.01,,,,,,,,0640,1804,
2018-03-02 16:59,0.04,,,,,,,,0639,1805,
2018-03-02 17:59,0.02,,,,,,,,0639,1805,
2018-03-02 20:59,0.02,,,,,,,,0639,1805,
2018-03-02 23:59,,,53,44,49,-5.8,16,0,0639,1805,0.18
2018-03-03 10:59,0.04,,,,,,,,0639,1805,
2018-03-03 21:59,0.01,,,,,,,,0637,1806,
2018-03-03 22:59,0.02,,,,,,,,0637,1806,
2018-03-03 23:59,,,53,44,49,-5.9,16,0,0637,1806,0.07
2018-03-04 23:59,,,55,42,49,-5.9,16,0,0636,1807,0.00
2018-03-05 23:59,,,61,44,53,-1.9,12,0,0634,1808,0.00
2018-03-06 23:59,,,66,47,56,1.0,9,0,0633,1809,0.00
2018-03-07 23:59,,,69,53,61,6.0,4,0,0631,1810,0.02
2018-03-08 00:59,0.01,,,,,,,,0631,1810,
2018-03-08 01:59,0.03,,,,,,,,0631,1810,
2018-03-08 04:59,0.01,,,,,,,,0631,1810,
2018-03-08 23:59,,,60,49,54,-1.0,11,0,0630,1811,0.05
2018-03-09 23:59,,,60,47,54,-1.0,11,0,0629,1812,0.00
2018-03-10 23:59,,,58,47,52,-3.0,13,0,0627,1813,0.00
2018-03-11 23:59,,,69,47,58,2.9,7,0,0626,1814,0.00
2018-03-12 15:59,0.03,,,,,,,,0626,1814,
2018-03-12 16:59,0.09,,,,,,,,0624,1815,
2018-03-12 17:59,0.09,,,,,,,,0624,1815,
2018-03-12 18:59,0.06,,,,,,,,0624,1815,
2018-03-12 23:59,,,67,49,58,2.9,7,0,0624,1815,0.27
2018-03-13 03:59,0.01,,,,,,,,0624,1815,
2018-03-13 04:59,0.10,,,,,,,,0624,1815,
2018-03-13 05:59,0.02,,,,,,,,0624,1815,
2018-03-13 06:59,0.06,,,,,,,,0624,1815,
2018-03-13 07:59,0.13,,,,,,,,0624,1815,
2018-03-13 08:59,0.08,,,,,,,,0624,1815,
2018-03-13 09:59,0.01,,,,,,,,0624,1815,
2018-03-13 10:59,0.02,,,,,,,,0624,1815,
2018-03-13 11:59,0.01,,,,,,,,0624,1815,
2018-03-13 20:59,0.08,,,,,,,,0623,1816,
2018-03-13 21:59,0.01,,,,,,,,0623,1816,
2018-03-13 22:59,0.02,,,,,,,,0623,1816,
2018-03-13 23:59,,,61,49,55,-0.1,10,0,0623,1816,0.55
2018-03-14 03:59,0.03,,,,,,,,0623,1816,
2018-03-14 06:59,0.01,,,,,,,,0623,1816,
2018-03-14 09:59,0.01,,,,,,,,0623,1816,
2018-03-14 10:59,0.10,,,,,,,,0623,1816,
2018-03-14 23:59,,,58,48,53,-2.1,12,0,0621,1817,0.15
2018-03-15 08:59,0.02,,,,,,,,0621,1817,
2018-03-15 09:59,0.03,,,,,,,,0621,1817,
2018-03-15 10:59,0.01,,,,,,,,0621,1817,
2018-03-15 11:59,0.01,,,,,,,,0621,1817,
2018-03-15 17:59,0.03,,,,,,,,0620,1818,
2018-03-15 18:59,0.28,,,,,,,,0620,1818,
2018-03-15 19:59,0.01,,,,,,,,0620,1818,
2018-03-15 22:59,0.04,,,,,,,,0620,1818,
2018-03-15 23:59,,,56,45,50,-5.1,15,0,0620,1818,0.65
2018-03-16 00:59,0.01,,,,,,,,0620,1818,
2018-03-16 01:59,0.01,,,,,,,,0620,1818,
2018-03-16 02:59,0.01,,,,,,,,0620,1818,
2018-03-16 03:59,0.02,,,,,,,,0620,1818,
2018-03-16 06:59,0.01,,,,,,,,0620,1818,
2018-03-16 08:59,0.02,,,,,,,,0620,1818,
2018-03-16 11:59,0.01,,,,,,,,0620,1818,
2018-03-16 22:59,0.07,,,,,,,,0618,1819,
2018-03-16 23:59,,,54,45,49,-6.1,16,0,0618,1819,0.16
2018-03-17 02:59,0.02,,,,,,,,0618,1819,
2018-03-17 03:59,0.01,,,,,,,,0618,1819,
2018-03-17 23:59,,,57,45,51,-4.2,14,0,0617,1820,0.03
2018-03-18 23:59,,,56,45,50,-5.2,15,0,0615,1821,0.00
2018-03-19 23:59,,,64,47,55,-0.2,10,0,0614,1822,0.00
2018-03-20 07:59,0.02,,,,,,,,0614,1822,
2018-03-20 08:59,0.01,,,,,,,,0614,1822,
2018-03-20 09:59,0.03,,,,,,,,0614,1822,
2018-03-20 12:59,0.01,,,,,,,,0614,1822,
2018-03-20 13:59,0.24,,,,,,,,0614,1822,
2018-03-20 14:59,0.03,,,,,,,,0614,1822,
2018-03-20 18:59,0.01,,,,,,,,0612,1822,
2018-03-20 19:59,0.10,,,,,,,,0612,1822,
2018-03-20 20:59,0.08,,,,,,,,0612,1822,
2018-03-20 21:59,0.01,,,,,,,,0612,1822,
2018-03-20 22:59,0.18,,,,,,,,0612,1822,
2018-03-20 23:59,,,59,51,55,-0.2,10,0,0612,1822,0.77
2018-03-21 00:59,0.06,,,,,,,,0612,1822,
2018-03-21 01:59,0.05,,,,,,,,0612,1822,
2018-03-21 04:59,0.02,,,,,,,,0612,1822,
2018-03-21 07:59,0.01,,,,,,,,0612,1822,
2018-03-21 09:59,0.02,,,,,,,,0612,1822,
2018-03-21 19:59,0.10,,,,,,,,0610,1823,
2018-03-21 20:59,0.03,,,,,,,,0610,1823,
2018-03-21 21:59,0.03,,,,,,,,0610,1823,
2018-03-21 22:59,0.02,,,,,,,,0610,1823,
2018-03-21 23:59,,,64,53,59,3.8,6,0,0610,1823,0.35
2018-03-22 00:59,0.01,,,,,,,,0610,1823,
2018-03-22 02:59,0.06,,,,,,,,0610,1823,
2018-03-22 03:59,0.03,,,,,,,,0610,1823,
2018-03-22 04:59,0.09,,,,,,,,0610,1823,
2018-03-22 05:59,0.03,,,,,,,,0610,1823,
2018-03-22 06:59,0.04,,,,,,,,0610,1823,
2018-03-22 09:59,0.06,,,,,,,,0610,1823,
2018-03-22 23:59,,,60,48,54,-1.3,11,0,0609,1824,0.32
2018-03-23 23:59,,,58,46,52,-3.3,13,0,0607,1825,0.00
2018-03-24 00:59,0.01,,,,,,,,0607,1825,
2018-03-24 06:59,0.03,,,,,,,,0607,1825,
2018-03-24 20:59,0.03,,,,,,,,0606,1826,
2018-03-24 23:59,,,55,46,51,-4.3,14,0,0606,1826,0.07
2018-03-25 04:59,0.07,,,,,,,,0606,1826,
2018-03-25 23:59,,,55,44,50,-5.3,15,0,0604,1827,0.07
2018-03-26 23:59,,,61,45,53,-2.3,12,0,0603,1828,0.00
2018-03-27 23:59,,,68,53,61,5.6,4,0,0601,1829,0.00
2018-03-28 23:59,,,76,52,64,8.6,1,0,0600,1830,0.00
2018-03-29 23:59,,,81,55,68,12.6,0,3,0558,1831,0.00
2018-03-30 23:59,,,79,56,67,11.5,0,2,0557,1832,0.00
2018-03-31 23:59,,,60,51,56,0.5,9,0,0555,1833,0.00
2018-04-01 23:59,,,65,51,58,2.5,7,0,0554,1833,0.00
2018-04-02 23:59,,,63,51,57,1.4,8,0,0552,1834,0.00
2018-04-03 23:59,,,59,49,54,-1.6,11,0,0551,1835,0.00
2018-04-04 23:59,,,60,51,56,0.4,9,0,0549,1836,0.00
2018-04-05 17:59,0.01,,,,,,,,0548,1837,
2018-04-05 18:59,0.05,,,,,,,,0548,1837,
2018-04-05 19:59,0.03,,,,,,,,0548,1837,
2018-04-05 20:59,0.04,,,,,,,,0548,1837,
2018-04-05 21:59,0.01,,,,,,,,0548,1837,
2018-04-05 23:59,,,61,52,56,0.3,9,0,0548,1837,0.14
2018-04-06 00:59,0.03,,,,,,,,0548,1837,
2018-04-06 01:59,0.07,,,,,,,,0548,1837,
2018-04-06 02:59,0.09,,,,,,,,0548,1837,
2018-04-06 03:59,0.15,,,,,,,,0548,1837,
2018-04-06 04:59,0.11,,,,,,,,0548,1837,
2018-04-06 05:59,0.05,,,,,,,,0548,1837,
2018-04-06 06:59,0.17,,,,,,,,0548,1837,
2018-04-06 07:59,0.02,,,,,,,,0548,1837,
2018-04-06 08:59,0.01,,,,,,,,0548,1837,
2018-04-06 09:59,0.08,,,,,,,,0548,1837,
2018-04-06 10:59,0.05,,,,,,,,0548,1837,
2018-04-06 11:59,0.11,,,,,,,,0548,1837,
2018-04-06 12:59,0.04,,,,,,,,0548,1837,
2018-04-06 13:59,0.04,,,,,,,,0548,1837,
2018-04-06 14:59,0.01,,,,,,,,0548,1837,
2018-04-06 15:59,0.11,,,,,,,,0548,1837,
2018-04-06 16:59,0.15,,,,,,,,0546,1838,
2018-04-06 17:59,0.20,,,,,,,,0546,1838,
2018-04-06 18:59,0.30,,,,,,,,0546,1838,
2018-04-06 19:59,0.18,,,,,,,,0546,1838,
2018-04-06 20:59,0.08,,,,,,,,0546,1838,
2018-04-06 21:59,0.10,,,,,,,,0546,1838,
2018-04-06 22:59,0.07,,,,,,,,0546,1838,
2018-04-06 23:59,,,61,56,58,2.3,7,0,0546,1838,2.22
2018-04-07 00:59,0.21,,,,,,,,0546,1838,
2018-04-07 01:59,0.34,,,,,,,,0546,1838,
2018-04-07 02:59,0.20,,,,,,,,0546,1838,
2018-04-07 03:59,0.18,,,,,,,,0546,1838,
2018-04-07 04:59,0.10,,,,,,,,0546,1838,
2018-04-07 05:59,0.04,,,,,,,,0546,1838,
2018-04-07 23:59,,,62,54,58,2.2,7,0,0545,1839,1.07
2018-04-08 23:59,,,61,50,55,-0.8,10,0,0543,1840,0.00
2018-04-09 23:59,,,74,52,63,7.2,2,0,0542,1841,0.00
2018-04-10 23:59,,,63,52,57,1.1,8,0,0541,1842,0.00
2018-04-11 17:59,0.05,,,,,,,,0539,1843,
2018-04-11 18:59,0.08,,,,,,,,0539,1843,
2018-04-11 19:59,0.01,,,,,,,,0539,1843,
2018-04-11 23:59,,,60,49,54,-1.9,11,0,0539,1843,0.14
2018-04-12 23:59,,,57,48,53,-3.0,12,0,0538,1843,0.00
2018-04-13 23:59,,,63,49,56,0.0,9,0,0536,1844,0.00
2018-04-14 23:59,,,68,52,60,3.9,5,0,0535,1845,0.00
2018-04-15 15:59,0.12,,,,,,,,0535,1845,
2018-04-15 16:59,0.03,,,,,,,,0533,1846,
2018-04-15 17:59,0.06,,,,,,,,0533,1846,
2018-04-15 23:59,,,60,50,55,-1.1,10,0,0533,1846,0.21
2018-04-16 01:59,0.02,,,,,,,,0533,1846,
2018-04-16 02:59,0.01,,,,,,,,0533,1846,
2018-04-16 04:59,0.01,,,,,,,,0533,1846,
2018-04-16 07:59,0.09,,,,,,,,0533,1846,
2018-04-16 23:59,,,55,45,50,-6.2,15,0,0532,1847,0.13
2018-04-17 23:59,,,61,45,53,-3.2,12,0,0531,1848,0.00
2018-04-18 23:59,,,57,49,53,-3.3,12,0,0529,1849,0.00
2018-04-19 23:59,,,60,47,54,-2.3,11,0,0528,1850,0.00
2018-04-20 23:59,,,65,49,57,0.6,8,0,0527,1851,0.00
2018-04-21 23:59,,,71,49,60,3.6,5,0,0525,1852,0.00
2018-04-22 23:59,,,72,49,60,3.6,5,0,0524,1853,0.00
2018-04-23 23:59,,,70,52,61,4.5,4,0,0523,1854,0.00
2018-04-24 23:59,,,59,51,55,-1.5,10,0,0521,1855,0.00
2018-04-25 23:59,,,58,49,53,-3.6,12,0,0520,1855,0.00
2018-04-26 23:59,,,58,51,54,-2.6,11,0,0519,1856,0.00
2018-04-27 23:59,,,63,52,57,0.3,8,0,0518,1857,0.00
2018-04-28 23:59,,,63,53,58,1.3,7,0,0517,1858,0.00
2018-04-29 23:59,,,61,52,56,-0.8,9,0,0515,1859,0.00
2018-04-30 23:59,,,60,50,55,-1.8,10,0,0514,1900,0.00
2018-05-01 23:59,,,62,49,55,-1.9,10,0,0513,1901,0.00
2018-05-02 23:59,,,60,50,55,-1.9,10,0,0512,1902,0.00
2018-05-03 23:59,,,58,51,54,-2.9,11,0,0511,1903,0.00
2018-05-04 23:59,,,62,50,56,-1.0,9,0,0510,1904,0.00
2018-05-05 23:59,,,57,50,54,-3.0,11,0,0509,1905,0.00
2018-05-06 23:59,,,59,52,55,-2.1,10,0,0508,1905,0.00
2018-05-07 23:59,,,66,52,59,1.9,6,0,0507,1906,0.00
2018-05-08 23:59,,,59,52,55,-2.2,10,0,0506,1907,0.00
2018-05-09 23:59,,,62,53,58,0.8,7,0,0505,1908,0.00
2018-05-10 23:59,,,66,52,59,1.7,6,0,0504,1909,0.00
2018-05-11 23:59,,,69,52,61,3.7,4,0,0503,1910,0.00
2018-05-12 23:59,,,69,53,61,3.6,4,0,0502,1911,0.00
2018-05-13 23:59,,,61,53,57,-0.4,8,0,0501,1912,0.00
2018-05-14 23:59,,,58,52,55,-2.5,10,0,0500,1913,0.00
2018-05-15 23:59,,,63,54,58,0.5,7,0,0459,1913,0.00
2018-05-16 23:59,,,63,53,58,0.4,7,0,0458,1914,0.00
2018-05-17 23:59,,,62,53,58,0.3,7,0,0458,1915,0.00
2018-05-18 23:59,,,60,52,56,-1.7,9,0,0457,1916,0.00
2018-05-19 23:59,,,59,52,55,-2.8,10,0,0456,1917,0.00
2018-05-20 23:59,,,59,52,55,-2.8,10,0,0455,1918,0.00
2018-05-21 23:59,,,61,50,55,-2.9,10,0,0455,1918,0.00
2018-05-22 23:59,,,57,51,54,-4.0,11,0,0454,1919,0.00
2018-05-23 01:59,0.01,,,,,,,,0454,1919,
2018-05-23 04:59,0.01,,,,,,,,0454,1919,
2018-05-23 05:59,0.01,,,,,,,,0454,1919,
2018-05-23 09:59,0.01,,,,,,,,0454,1919,
2018-05-23 23:59,,,59,53,56,-2.0,9,0,0453,1920,0.04
